timestamp,north,east,down
1756822822,0,0,0
1756822823,0.036968907,-0.10918394,-0.099999999
1756822824,0.924222644,-0.031195408,0.100000068
1756822825,1.73753861,0.436735682,2.53E-07
1756822825,2.754183714,1.060643739,-0.299999315
1756822827,4.140518208,1.403793119,-0.899998496
1756822828,5.378977733,2.136885148,-1.899997364
1756822829,6.913188547,2.869976913,-2.399995594
1756822830,8.595274868,3.369102864,-2.599993297
1756822831,10.20342295,3.759044654,-2.499990701
1756822832,11.34945966,3.649860419,-2.59998882
1756822833,12.51398074,4.242572228,-2.499986268
1756822834,13.60456424,4.913272442,-2.499983547
1756822835,14.10364624,5.350008001,-3.099982106
1756822836,15.13877626,5.552777402,-3.099979552
1756822837,16.32178373,5.67755886,-3.799976514
1756822838,17.11661684,6.207880085,-4.099973928
1756822838,18.37355928,6.972165285,-3.49996963
1756822840,19.88929127,7.830038855,-5.199964073
1756822841,21.64531926,8.297969158,-6.099957742
1756822842,22.93923833,9.031061357,-7.599952208
1756822843,24.04830914,9.421003238,-8.099947544
1756822844,25.56403554,9.483392235,-7.899941535
1756822845,26.69159038,9.561380166,-8.299936783
1756822846,28.61397706,9.623769331,-8.499928322
1756822847,29.64911964,10.2008863,-10.89992268
1756822848,30.73971252,10.20088789,-12.5999175
1756822849,32.29241176,10.66881735,-12.89990903
1756822850,33.66026686,11.21473552,-13.299901
1756822851,34.38116986,11.85424215,-14.59989599
1756822852,36.06325619,12.30657183,-13.99988581
1756822853,37.78231499,12.91487921,-13.99987462
1756822854,39.63076584,13.46079571,-14.09986223
1756822855,41.59013731,15.2077371,-15.99984578
1756822856,43.66040139,16.48674256,-15.69982872
1756822857,45.93398737,17.15743541,-14.49981093
1756822858,48.04121386,17.54737091,-13.59979429
1756822859,50.05602005,18.1400767,-12.99977708
1756822860,52.03386625,18.46762556,-13.59976025
1756822861,53.73445416,18.95115441,-15.19974468
1756822862,55.08381999,19.40348262,-14.79973177
1756822863,56.1559042,19.91819683,-12.7997208
1756822864,57.61617626,19.41906861,-12.59970927
1756822865,60.0006713,19.60623408,-12.09968663
1756822866,61.90458058,20.08975895,-12.69966686
1756822867,63.42030182,20.52648712,-11.89965052
1756822868,65.15784267,20.94761892,-11.69963158
1756822869,67.02476566,21.50912587,-10.59961029
1756822870,69.07652928,21.43112893,-9.299588583
1756822871,70.7586164,22.1018221,-9.099567789
1756822872,72.38525216,22.71012539,-9.099547334
1756822873,74.19674011,23.45880875,-9.699523734
1756822874,76.04518314,23.73955947,-9.199500844
1756822875,77.13578377,23.91113538,-10.49948706
1756822876,79.02120291,24.05150966,-10.59946336
1756822877,80.90661802,24.08269952,-10.39943952
1756822878,82.44083075,24.25426939,-10.39941915
1756822879,84.01200914,24.69099713,-10.0993969
1756822880,84.95471083,25.08093232,-9.499382847
1756822881,86.1931712,25.61124692,-9.399364063
1756822882,87.80131694,26.09476641,-8.99934009
1756822883,89.35401109,26.28193252,-8.79931768
1756822884,89.70522188,26.28193324,-9.199312731
1756822885,89.68673482,26.37551798,-8.999312606
