lat,lon,timestamp_epoch,timestamp_dt
32.87984683333333,35.26873466666667,1770362569.0,2026-02-06 09:22:49
32.87984683333333,35.26873466666667,,
32.879845333333336,35.2687345,1770362570.0,2026-02-06 09:22:50
32.879845333333336,35.2687345,,
32.87984383333333,35.26873666666667,1770362571.0,2026-02-06 09:22:51
32.87984383333333,35.26873666666667,,
32.8798415,35.268738,1770362572.0,2026-02-06 09:22:52
32.8798415,35.268738,,
32.879838666666664,35.26873833333333,1770362573.0,2026-02-06 09:22:53
32.879838666666664,35.26873833333333,,
32.87983766666667,35.268739833333335,1770362574.0,2026-02-06 09:22:54
32.87983766666667,35.268739833333335,,
32.8798395,35.26874233333333,1770362575.0,2026-02-06 09:22:55
32.8798395,35.26874233333333,,
32.8798395,35.26874316666667,1770362576.0,2026-02-06 09:22:56
32.8798395,35.26874316666667,,
32.87983916666667,35.26874416666667,1770362577.0,2026-02-06 09:22:57
32.87983916666667,35.26874416666667,,
32.87983833333333,35.268744500000004,1770362578.0,2026-02-06 09:22:58
32.87983833333333,35.268744500000004,,
32.87983583333333,35.268743,1770362579.0,2026-02-06 09:22:59
32.87983583333333,35.268743,,
32.87983616666667,35.26874233333333,1770362580.0,2026-02-06 09:23:00
32.87983616666667,35.26874233333333,,
32.87983883333333,35.26874316666667,1770362581.0,2026-02-06 09:23:01
32.87983883333333,35.26874316666667,,
32.8798425,35.26874566666667,1770362582.0,2026-02-06 09:23:02
32.8798425,35.26874566666667,,
32.87984683333333,35.2687505,1770362583.0,2026-02-06 09:23:03
32.87984683333333,35.2687505,,
32.879851,35.268753999999994,1770362584.0,2026-02-06 09:23:04
32.879851,35.268753999999994,,
32.87985233333333,35.2687655,1770362585.0,2026-02-06 09:23:05
32.87985233333333,35.2687655,,
32.879855,35.2687815,1770362586.0,2026-02-06 09:23:06
32.879855,35.2687815,,
32.879856499999995,35.268804,1770362587.0,2026-02-06 09:23:07
32.879856499999995,35.268804,,
32.87985583333333,35.26882183333333,1770362588.0,2026-02-06 09:23:08
32.87985583333333,35.26882183333333,,
32.87985566666667,35.26884,1770362589.0,2026-02-06 09:23:09
32.87985566666667,35.26884,,
32.879853000000004,35.2688565,1770362590.0,2026-02-06 09:23:10
32.879853000000004,35.2688565,,
32.879851333333335,35.26887333333333,1770362591.0,2026-02-06 09:23:11
32.879851333333335,35.26887333333333,,
32.87985066666667,35.26888866666666,1770362592.0,2026-02-06 09:23:12
32.87985066666667,35.26888866666666,,
32.87984933333333,35.26890466666667,1770362593.0,2026-02-06 09:23:13
32.87984933333333,35.26890466666667,,
32.879850166666664,35.26892266666667,1770362594.0,2026-02-06 09:23:14
32.879850166666664,35.26892266666667,,
32.879848333333335,35.26894266666667,1770362595.0,2026-02-06 09:23:15
32.879848333333335,35.26894266666667,,
32.879847166666664,35.26896166666667,1770362596.0,2026-02-06 09:23:16
32.879847166666664,35.26896166666667,,
32.87984616666667,35.26897833333333,1770362597.0,2026-02-06 09:23:17
32.87984616666667,35.26897833333333,,
32.87984516666667,35.268997166666665,1770362598.0,2026-02-06 09:23:18
32.87984516666667,35.268997166666665,,
32.87984483333333,35.2690195,1770362599.0,2026-02-06 09:23:19
32.87984483333333,35.2690195,,
32.879845833333334,35.269041666666666,1770362600.0,2026-02-06 09:23:20
32.879845833333334,35.269041666666666,,
32.87984616666667,35.269062500000004,1770362601.0,2026-02-06 09:23:21
32.87984616666667,35.269062500000004,,
32.879845,35.26908283333333,1770362602.0,2026-02-06 09:23:22
32.879845,35.26908283333333,,
32.8798445,35.269102833333335,1770362603.0,2026-02-06 09:23:23
32.8798445,35.269102833333335,,
32.87984266666667,35.2691235,1770362604.0,2026-02-06 09:23:24
32.87984266666667,35.2691235,,
32.879839999999994,35.26914083333334,1770362605.0,2026-02-06 09:23:25
32.879839999999994,35.26914083333334,,
32.879838,35.269158166666664,1770362606.0,2026-02-06 09:23:26
32.879838,35.269158166666664,,
32.879838666666664,35.269178000000004,1770362607.0,2026-02-06 09:23:27
32.879838666666664,35.269178000000004,,
32.8798345,35.269194166666665,1770362608.0,2026-02-06 09:23:28
32.8798345,35.269194166666665,,
32.87983166666667,35.26921216666666,1770362609.0,2026-02-06 09:23:29
32.87983166666667,35.26921216666666,,
32.879828833333335,35.269230666666665,1770362610.0,2026-02-06 09:23:30
32.879828833333335,35.269230666666665,,
32.879826666666666,35.26924983333333,1770362611.0,2026-02-06 09:23:31
32.879826666666666,35.26924983333333,,
32.87982683333333,35.26926983333333,1770362612.0,2026-02-06 09:23:32
32.87982683333333,35.26926983333333,,
32.879821500000006,35.269284,1770362613.0,2026-02-06 09:23:33
32.879821500000006,35.269284,,
32.879815,35.2692965,1770362614.0,2026-02-06 09:23:34
32.879815,35.2692965,,
32.879811499999995,35.269313000000004,1770362615.0,2026-02-06 09:23:35
32.879811499999995,35.269313000000004,,
32.87980983333333,35.269332500000004,1770362616.0,2026-02-06 09:23:36
32.87980983333333,35.269332500000004,,
32.87980766666667,35.26935133333333,1770362617.0,2026-02-06 09:23:37
32.87980766666667,35.26935133333333,,
32.87980683333333,35.269371500000005,1770362618.0,2026-02-06 09:23:38
32.87980683333333,35.269371500000005,,
32.879804166666666,35.26938966666667,1770362619.0,2026-02-06 09:23:39
32.879804166666666,35.26938966666667,,
32.879802000000005,35.269408500000004,1770362620.0,2026-02-06 09:23:40
32.879802000000005,35.269408500000004,,
32.8797985,35.26942633333333,1770362621.0,2026-02-06 09:23:41
32.8797985,35.26942633333333,,
32.87979583333333,35.269444,1770362622.0,2026-02-06 09:23:42
32.87979583333333,35.269444,,
32.8797955,35.2694625,1770362623.0,2026-02-06 09:23:43
32.8797955,35.2694625,,
32.879794999999994,35.26948183333333,1770362624.0,2026-02-06 09:23:44
32.879794999999994,35.26948183333333,,
32.879793166666666,35.2695,1770362625.0,2026-02-06 09:23:45
32.879793166666666,35.2695,,
32.87978933333333,35.269515166666665,1770362626.0,2026-02-06 09:23:46
32.87978933333333,35.269515166666665,,
32.87978733333333,35.26953066666667,1770362627.0,2026-02-06 09:23:47
32.87978733333333,35.26953066666667,,
32.879788500000004,35.2695505,1770362628.0,2026-02-06 09:23:48
32.879788500000004,35.2695505,,
32.879785500000004,35.2695635,1770362629.0,2026-02-06 09:23:49
32.879785500000004,35.2695635,,
32.879776666666665,35.269573333333334,1770362630.0,2026-02-06 09:23:50
32.879776666666665,35.269573333333334,,
32.8797685,35.26958533333333,1770362631.0,2026-02-06 09:23:51
32.8797685,35.26958533333333,,
32.87976483333333,35.2696015,1770362632.0,2026-02-06 09:23:52
32.87976483333333,35.2696015,,
32.87976116666667,35.2696195,1770362633.0,2026-02-06 09:23:53
32.87976116666667,35.2696195,,
32.87976066666667,35.269635666666666,1770362634.0,2026-02-06 09:23:54
32.87976066666667,35.269635666666666,,
32.87975983333333,35.2696505,1770362635.0,2026-02-06 09:23:55
32.87975983333333,35.2696505,,
32.87975816666667,35.26966916666667,1770362636.0,2026-02-06 09:23:56
32.87975816666667,35.26966916666667,,
32.8797565,35.2696915,1770362637.0,2026-02-06 09:23:57
32.8797565,35.2696915,,
32.879755,35.269713499999995,1770362638.0,2026-02-06 09:23:58
32.879755,35.269713499999995,,
32.87975183333333,35.2697345,1770362639.0,2026-02-06 09:23:59
32.87975183333333,35.2697345,,
32.879748666666664,35.26975366666667,1770362640.0,2026-02-06 09:24:00
32.879748666666664,35.26975366666667,,
32.879748166666666,35.269770333333334,1770362641.0,2026-02-06 09:24:01
32.879748166666666,35.269770333333334,,
32.879751000000006,35.26978783333333,1770362642.0,2026-02-06 09:24:02
32.879751000000006,35.26978783333333,,
32.8797505,35.269803,1770362643.0,2026-02-06 09:24:03
32.8797505,35.269803,,
32.8797515,35.269822500000004,1770362644.0,2026-02-06 09:24:04
32.8797515,35.269822500000004,,
32.879752833333335,35.269842833333335,1770362645.0,2026-02-06 09:24:05
32.879752833333335,35.269842833333335,,
32.87974916666667,35.269858500000005,1770362646.0,2026-02-06 09:24:06
32.87974916666667,35.269858500000005,,
32.879748166666666,35.2698735,1770362647.0,2026-02-06 09:24:07
32.879748166666666,35.2698735,,
32.8797505,35.26989116666667,1770362648.0,2026-02-06 09:24:08
32.8797505,35.26989116666667,,
32.87975183333333,35.26990883333334,1770362649.0,2026-02-06 09:24:09
32.87975183333333,35.26990883333334,,
32.87975216666667,35.26992633333334,1770362650.0,2026-02-06 09:24:10
32.87975216666667,35.26992633333334,,
32.8797495,35.269937166666665,1770362651.0,2026-02-06 09:24:11
32.8797495,35.269937166666665,,
32.8797485,35.2699405,1770362652.0,2026-02-06 09:24:12
32.8797485,35.2699405,,
32.87975133333334,35.269948,1770362653.0,2026-02-06 09:24:13
32.87975133333334,35.269948,,
32.879751000000006,35.2699525,1770362654.0,2026-02-06 09:24:14
32.879751000000006,35.2699525,,
