timestamp,east,north
1756821804,0.0,0.0
1756821805,-0.3128134037767151,0.5022618862267502
1756821806,-0.3595886010612002,0.5819737180636447
1756821807,-0.15664524859423187,0.6367658327001007
1756821808,0.9305214756809475,0.41744188028245055
1756821809,2.0995622164761523,0.18186613806498486
1756821810,3.8545571213974177,-0.3742593353818844
1756821811,5.417807941479663,-0.35707856436435925
1756821812,6.072321069032483,0.28417600796459563
1756821813,7.450724304929695,-4.440892098500626e-16
1756821814,9.008580033088355,-0.9289901015385329
1756821815,10.901578755190691,-1.5970201263089496
1756821816,12.572925436548584,-2.2879576463705886
1756821817,13.972906395403895,-3.0095415319438983
1756821818,15.17465528325582,-3.5474012111704845
1756821819,15.872871545247556,-4.059258775655597
1756821820,16.099714001211474,-4.569104412024739
1756821821,16.433560721877196,-5.230480220706057
1756821822,17.268005388891694,-6.005309153788731
1756821823,18.19483651795718,-6.875945627618977
1756821824,19.475455671475565,-8.010482723417471
1756821825,21.042052598788473,-9.170093296518603
1756821826,22.49932666318944,-10.050945249875248
1756821827,23.883537141244254,-10.65319325308802
1756821828,25.224451534101796,-11.36657190337548
1756821829,26.610982922751504,-12.096048481208529
1756821830,28.03787155785725,-12.801843648814517
1756821831,29.80044971991102,-13.52497275689853
1756821832,31.558318366939872,-14.48661896744023
1756821833,32.83197793990573,-15.239468339493925
1756821834,33.85065865458036,-15.92761933371359
1756821835,34.643585712215554,-16.662513393418614
1756821836,35.62839399546273,-16.984762070327115
1756821837,36.58042870107401,-17.497701759407697
1756821838,37.819598980756446,-18.099327553586246
1756821839,39.075703904522356,-18.883903428596955
1756821840,40.47685055898979,-19.669099500387567
1756821841,41.9277091550068,-20.446556237855216
1756821842,43.49608899798617,-21.45510045915243
1756821843,45.194891446679975,-22.408540841839198
1756821844,46.93289071442863,-23.274685041039383
1756821845,48.653955622560744,-23.957878656238897
1756821846,50.35159340279819,-24.847701246916262
1756821847,51.900713005723276,-25.546062048881048
1756821848,53.52993391877595,-26.41174102846296
1756821849,55.06792499280849,-27.245225519229884
1756821850,56.76440927321339,-28.071435578966355
1756821851,58.52699328681979,-28.79456084752802
1756821852,60.3007062668152,-29.382561532862123
1756821853,61.93054213635277,-30.033558427180587
1756821854,63.20126230266966,-30.87385231410343
1756821855,64.68018569683015,-31.699131475360826
1756821856,66.43512303630571,-32.74822319909496
1756821857,67.86604318913425,-33.92315179823806
1756821858,69.05721328546339,-34.8744240416293
